<?xml version='1.0' encoding='utf-8'?>
<Toys>
<Toy><title>Плюшевий ведмедик</title><age>0-+</age><price>300</price></Toy><Toy><title>Машинка на пульті</title><age>5-+</age><price>500</price></Toy><Toy><title>Лялька Barbie</title><age>3-18</age><price>200</price></Toy><Toy><title>М'яч футбольний</title><age>0-+</age><price>725</price></Toy><Toy><title>Конструктор</title><age>3-+</age><price>1000</price></Toy><Toy><title>Іграшковий пістолет</title><age>5-16</age><price>100</price></Toy><Toy><title>Іграшкова кухня</title><age>4-12</age><price>637</price></Toy></Toys>