[
   {
      "id": "P01",
      "name": "\u041e\u043b\u0456\u0432\u0435\u0446\u044c",
      "unit": ".\u0448\u0442",
      "price": "2.5"
   },
   {
      "id": "P02",
      "name": "\u0420\u0443\u0447\u043a\u0430 \u043a\u0443\u043b\u044c\u043a\u043e\u0432\u0430",
      "unit": ".\u0448\u0442",
      "price": "2.4"
   },
   {
      "id": "P03",
      "name": "\u041a\u043e\u043b\u044c\u043e\u0440\u043e\u0432\u0456 \u041e\u043b\u0456\u0432\u0446\u0456",
      "unit": ".\u0448\u0442",
      "price": "1.8"
   }
]